"id","firstname","lastname","child_id"
1,"Parent1_Firstname","Parent1_Lastname",1
2,"Parent2_Firstname","Parent2_Lastname",2
3,"Parent3_Firstname","Parent3_Lastname",3
4,"Parent4_Firstname","Parent4_Lastname",4
5,"Parent5_Firstname","Parent5_Lastname",5
6,"Parent6_Firstname","Parent6_Lastname",6
7,"Parent7_Firstname","Parent7_Lastname",7
8,"Parent8_Firstname","Parent8_Lastname",8
9,"Parent9_Firstname","Parent9_Lastname",9
10,"Parent10_Firstname","Parent10_Lastname",10
11,"Parent11_Firstname","Parent11_Lastname",11
12,"Parent12_Firstname","Parent12_Lastname",12
13,"Parent13_Firstname","Parent13_Lastname",13
14,"Parent14_Firstname","Parent14_Lastname",14
15,"Parent15_Firstname","Parent15_Lastname",15
16,"Parent16_Firstname","Parent16_Lastname",16
17,"Parent17_Firstname","Parent17_Lastname",17
18,"Parent18_Firstname","Parent18_Lastname",18
19,"Parent19_Firstname","Parent19_Lastname",19
20,"Parent20_Firstname","Parent20_Lastname",20
